scan_time,ticker,current_price,ctx_Y_closed,ctx_Q_closed,ctx_M_closed,ctx_W_closed,ctx_D_closed,ctx_Y_live,ctx_Q_live,ctx_M_live,ctx_W_live,ctx_D_live,score,sector,industry,etfs,etf_count,etfs_pretty
2026-02-01 23:22:36 EST,SPY,691.9,2U,2U,2U,2U,1,2U,2U,2U,2U,1,14,Unknown,Unknown,,0,
2026-02-01 23:22:36 EST,QQQ,621.81,2U,2U,2U,2U,1,1,1,2U,2U,1,14,Unknown,Unknown,,0,
2026-02-01 23:22:36 EST,IWM,259.64,3,2U,2U,2D,2D,2U,2U,2U,2D,2D,4,Unknown,Unknown,,0,
2026-02-01 23:22:36 EST,DIA,489.07,3,2U,2U,1,2D,2U,2U,2U,1,2D,6,Unknown,Unknown,,0,
2026-02-01 23:22:36 EST,XLK,143.88,3,2U,2U,2U,2D,1,1,2U,2U,2D,8,Information Technology,Sector ETF,,0,
2026-02-01 23:22:36 EST,XLF,53.46,2U,2U,2U,2D,2U,2U,2U,2U,2D,2U,11,Financials,Sector ETF,,0,
2026-02-01 23:22:36 EST,XLE,51.04,2D,2U,2U,2U,2D,2U,2U,2U,2U,2D,3,Energy,Sector ETF,,0,
2026-02-01 23:22:36 EST,XLY,121.2,2U,2U,2U,2U,1,2U,2U,2U,2U,1,14,Consumer Discretionary,Sector ETF,,0,
2026-02-01 23:22:36 EST,XLP,83.5,1,2D,3,2U,2U,1,2U,3,2U,2U,-1,Consumer Staples,Sector ETF,,0,
2026-02-01 23:22:36 EST,XLU,43.26,2U,2U,2D,2U,2D,1,2D,2D,2U,2D,7,Utilities,Sector ETF,,0,
2026-02-01 23:22:36 EST,XLV,154.79,2D,2U,2U,1,3,2U,2U,2U,1,3,2,Health Care,Sector ETF,,0,
2026-02-01 23:22:36 EST,XLI,165.44,2U,2U,2U,1,2D,2U,2U,2U,1,2D,11,Industrials,Sector ETF,,0,
2026-02-01 23:22:36 EST,SMH,403.21,2U,2U,2U,2U,2D,2U,2U,2U,2U,2D,13,Unknown,Unknown,,0,
2026-02-01 23:22:36 EST,ARKK,74.89,2U,2U,2D,2D,2D,1,1,2D,2D,2D,3,Unknown,Unknown,,0,
2026-02-01 23:22:36 EST,TLT,87.16,2D,2U,2D,2U,1,1,2D,2D,2U,1,-2,Unknown,Unknown,,0,
2026-02-01 23:22:36 EST,GLD,445.6,2U,2U,2U,3,2D,2U,2U,2U,3,2D,11,Unknown,Unknown,,0,
2026-02-01 23:22:36 EST,NVDA,191.29,2U,2U,2U,2U,2U,1,1,2U,2U,2U,15,Information Technology,Unknown,ARKK|DIA|QQQ|SMH|SPY|XLK,6,"ARKK, DIA, QQQ, SMH, SPY, XLK"
2026-02-01 23:22:36 EST,AAPL,259.48,2U,2U,2D,2U,3,1,2D,2D,2U,3,8,Information Technology,Unknown,DIA|QQQ|SPY|XLK,4,"DIA, QQQ, SPY, XLK"
2026-02-01 23:22:36 EST,GOOGL,338.23,2U,2U,2U,2U,1,2U,2U,2U,2U,1,14,Communication Services,Unknown,QQQ|SPY,2,"QQQ, SPY"
2026-02-01 23:22:36 EST,MSFT,430.39,3,2D,2D,3,1,1,2D,2D,3,1,-7,Information Technology,Unknown,DIA|QQQ|SPY|XLK,4,"DIA, QQQ, SPY, XLK"
2026-02-01 23:22:36 EST,AMZN,239.26,2U,3,2U,2U,2U,1,1,2U,2U,2U,11,Consumer Discretionary,Unknown,ARKK|DIA|QQQ|SPY|XLY,5,"ARKK, DIA, QQQ, SPY, XLY"
2026-02-01 23:22:36 EST,META,716.44,2U,2D,3,2U,1,1,1,3,2U,1,3,Communication Services,Unknown,QQQ|SPY,2,"QQQ, SPY"
2026-02-01 23:22:36 EST,AVGO,331.42,2U,2U,2D,1,2U,1,2D,2D,1,2U,7,Information Technology,Unknown,QQQ|SMH|SPY|XLK,4,"QQQ, SMH, SPY, XLK"
2026-02-01 23:22:36 EST,TSLA,430.44,2U,2U,2D,2D,1,1,1,2D,2D,1,4,Consumer Discretionary,Unknown,ARKK|QQQ|SPY|XLY,4,"ARKK, QQQ, SPY, XLY"
2026-02-01 23:22:36 EST,TSM,330.64,2U,2U,2U,2U,1,2U,2U,2U,2U,1,14,Unknown,Unknown,ARKK|SMH,2,"ARKK, SMH"
2026-02-01 23:22:36 EST,BRK-B,480.88,2U,2U,2D,2D,2U,1,2D,2D,2D,2U,5,Financials,Unknown,SPY|XLF,2,"SPY, XLF"
2026-02-01 23:22:36 EST,LLY,1037.99,2U,2U,2U,2D,2U,2U,2U,2U,2D,2U,11,Health Care,Unknown,SPY|XLV,2,"SPY, XLV"
2026-02-01 23:22:36 EST,WMT,119.18,2U,2U,3,2D,2U,2U,2U,3,2D,2U,8,Consumer Staples,Unknown,DIA|SPY|XLP,3,"DIA, SPY, XLP"
2026-02-01 23:22:36 EST,JPM,306.11,2U,2U,3,1,2U,2U,2U,3,1,2U,10,Financials,Unknown,DIA|SPY|XLF,3,"DIA, SPY, XLF"
2026-02-01 23:22:36 EST,V,321.87,2U,2D,3,2U,2D,1,2U,3,2U,2D,2,Financials,Unknown,DIA|SPY|XLF,3,"DIA, SPY, XLF"
2026-02-01 23:22:36 EST,ORCL,164.6,2U,2D,2D,2D,1,1,2D,2D,2D,1,-4,Information Technology,Unknown,XLK,1,XLK
2026-02-01 23:22:36 EST,MA,538.73,2U,2D,3,3,1,1,3,3,3,1,1,Financials,Unknown,SPY|XLF,2,"SPY, XLF"
2026-02-01 23:22:36 EST,XOM,141.61,1,2U,2U,2U,2D,2U,2U,2U,2U,2D,8,Energy,Unknown,SPY|XLE,2,"SPY, XLE"
2026-02-01 23:22:36 EST,JNJ,227.33,3,2U,2U,2U,2D,2U,2U,2U,2U,2D,8,Health Care,Unknown,DIA|SPY|XLV,3,"DIA, SPY, XLV"
2026-02-01 23:22:36 EST,ASML,1422.67,3,2U,2U,2U,1,2U,2U,2U,2U,1,9,Unknown,Unknown,SMH,1,SMH
2026-02-01 23:22:36 EST,PLTR,146.65,2U,2U,2D,2D,2D,1,2D,2D,2D,2D,3,Information Technology,Unknown,ARKK|QQQ|SPY|XLK,4,"ARKK, QQQ, SPY, XLK"
2026-02-01 23:22:36 EST,BAC,53.24,2U,2U,3,2D,2U,2U,2U,3,2D,2U,8,Financials,Unknown,SPY|XLF,2,"SPY, XLF"
2026-02-01 23:22:36 EST,NFLX,83.5,2U,2D,2D,1,1,2D,2D,2D,1,1,-2,Communication Services,Unknown,QQQ|SPY,2,"QQQ, SPY"
2026-02-01 23:22:36 EST,ABBV,222.98,2U,2U,3,2U,1,1,2D,3,2U,1,11,Health Care,Unknown,SPY|XLV,2,"SPY, XLV"
2026-02-01 23:22:36 EST,COST,940.26,2U,2D,2U,3,2D,1,2U,2U,3,2D,3,Consumer Staples,Unknown,QQQ|SPY|XLP,3,"QQQ, SPY, XLP"
2026-02-01 23:22:36 EST,MU,414.73,3,2U,2U,2U,3,2U,2U,2U,2U,3,9,Information Technology,Unknown,QQQ|SMH|SPY|XLK,4,"QQQ, SMH, SPY, XLK"
2026-02-01 23:22:36 EST,AMD,236.78,3,2U,2U,1,2D,1,1,2U,1,2D,6,Information Technology,Unknown,ARKK|QQQ|SMH|SPY|XLK,5,"ARKK, QQQ, SMH, SPY, XLK"
2026-02-01 23:22:36 EST,HD,374.62,1,2D,3,2D,2D,1,1,3,2D,2D,-7,Consumer Discretionary,Unknown,DIA|SPY|XLY,3,"DIA, SPY, XLY"
2026-02-01 23:22:36 EST,GE,306.85,2U,2U,2U,1,2U,2U,2U,2U,1,2U,13,Industrials,Unknown,XLI,1,XLI
2026-02-01 23:22:36 EST,BABA,169.62,2U,2U,3,1,2D,1,2D,3,1,2D,8,Unknown,Unknown,,0,
2026-02-01 23:22:36 EST,PG,151.82,2D,2D,3,2U,2U,2D,2D,3,2U,2U,-6,Consumer Staples,Unknown,DIA|XLP,2,"DIA, XLP"
2026-02-01 23:22:36 EST,UNH,287.05,2D,2U,3,2D,2D,1,2D,3,2D,2D,-4,Health Care,Unknown,DIA|XLV,2,"DIA, XLV"
2026-02-01 23:22:36 EST,CVX,177.01,3,1,2U,2U,2U,2U,2U,2U,2U,2U,6,Energy,Unknown,DIA|XLE,2,"DIA, XLE"
2026-02-01 23:22:36 EST,WFC,90.53,2U,2U,2U,2U,2U,2U,2U,2U,2U,2U,15,Financials,Unknown,XLF,1,XLF
2026-02-01 23:22:36 EST,GS,935.61,2U,2U,2U,1,2D,2U,2U,2U,1,2D,11,Financials,Unknown,DIA|XLF,2,"DIA, XLF"
2026-02-01 23:22:36 EST,MS,182.9,2U,2U,2U,1,1,2U,2U,2U,1,1,12,Financials,Unknown,XLF,1,XLF
2026-02-01 23:22:36 EST,CSCO,78.34,2U,2U,2D,2U,1,1,1,2D,2U,1,8,Information Technology,Unknown,QQQ|XLK,2,"QQQ, XLK"
2026-02-01 23:22:36 EST,AZN,92.78,2U,2U,3,2U,2D,2U,2U,3,2U,2D,10,Unknown,Unknown,,0,
2026-02-01 23:22:36 EST,KO,74.85,2U,2U,3,2U,2U,2U,2U,3,2U,2U,12,Consumer Staples,Unknown,XLP,1,XLP
2026-02-01 23:22:36 EST,CAT,657.46,3,2U,2U,3,1,2U,2U,2U,3,1,7,Industrials,Unknown,DIA|XLI,2,"DIA, XLI"
2026-02-01 23:22:36 EST,TM,226.74,2D,2U,2U,2D,2U,2U,2U,2U,2D,2U,1,Unknown,Unknown,,0,
2026-02-01 23:22:36 EST,IBM,306.76,2U,2U,3,2U,2D,1,1,3,2U,2D,10,Information Technology,Unknown,DIA|XLK,2,"DIA, XLK"
2026-02-01 23:22:36 EST,HSBC,88.04,2U,2U,2U,2U,1,2U,2U,2U,2U,1,14,Unknown,Unknown,,0,
2026-02-01 23:22:36 EST,SAP,201.02,2U,2D,3,3,2U,2D,2D,3,3,2U,2,Unknown,Unknown,,0,
2026-02-01 23:22:36 EST,MRK,110.34,2D,2U,2U,2D,2U,2U,2U,2U,2D,2U,1,Health Care,Unknown,XLV,1,XLV
2026-02-01 23:22:36 EST,NVS,148.72,2U,2U,2U,2U,3,2U,2U,2U,2U,3,14,Unknown,Unknown,,0,
2026-02-01 23:22:36 EST,AXP,352.35,2U,2U,2D,2D,2D,1,1,2D,2D,2D,3,Financials,Unknown,DIA|XLF,2,"DIA, XLF"
2026-02-01 23:22:36 EST,LRCX,233.48,3,2U,2U,2U,3,2U,2U,2U,2U,3,9,Information Technology,Unknown,QQQ|SMH|XLK,3,"QQQ, SMH, XLK"
2026-02-01 23:22:36 EST,RTX,200.92,2U,2U,2U,3,2D,2U,2U,2U,3,2D,11,Industrials,Unknown,XLI,1,XLI
2026-02-01 23:22:36 EST,NVO,59.44,2D,2D,2U,1,2D,1,2U,2U,1,2D,-7,Unknown,Unknown,,0,
2026-02-01 23:22:36 EST,CRM,212.32,1,2D,2D,3,1,2D,2D,2D,3,1,-7,Information Technology,Unknown,DIA|XLK,2,"DIA, XLK"
2026-02-01 23:22:36 EST,RY,166.22,2U,2U,2U,2D,2D,2U,2U,2U,2D,2D,9,Unknown,Unknown,,0,
2026-02-01 23:22:36 EST,PM,179.51,2U,2D,2U,2U,2D,1,2U,2U,2U,2D,5,Consumer Staples,Unknown,XLP,1,XLP
2026-02-01 23:22:36 EST,AMAT,322.31,3,2U,2U,2U,2D,2U,2U,2U,2U,2D,8,Information Technology,Unknown,QQQ|SMH|XLK,3,"QQQ, SMH, XLK"
2026-02-01 23:22:36 EST,TMO,578.37,2D,2U,2U,2D,1,2U,2U,2U,2D,1,0,Health Care,Unknown,XLV,1,XLV
2026-02-01 23:22:36 EST,ABT,109.32,2U,1,2D,2D,2U,2D,2D,2D,2D,2U,1,Health Care,Unknown,XLV,1,XLV
2026-02-01 23:22:36 EST,TMUS,197.21,2U,2D,2D,2U,2U,2D,2D,2D,2U,2U,1,Communication Services,Unknown,QQQ,1,QQQ
2026-02-01 23:22:36 EST,SHOP,131.29,2U,2U,2D,2D,2D,1,2D,2D,2D,2D,3,Unknown,Unknown,ARKK|QQQ,2,"ARKK, QQQ"
2026-02-01 23:22:36 EST,C,115.71,2U,2U,2U,2U,2U,2U,2U,2U,2U,2U,15,Financials,Unknown,XLF,1,XLF
2026-02-01 23:22:36 EST,MCD,314.99,2U,2U,2D,2U,2D,1,1,2D,2U,2D,7,Consumer Discretionary,Unknown,DIA|XLY,2,"DIA, XLY"
2026-02-01 23:22:36 EST,SHEL,77.04,3,2U,3,2U,2D,2U,3,3,2U,2D,5,Unknown,Unknown,,0,
2026-02-01 23:22:36 EST,ISRG,504.07,2U,3,3,2D,2D,1,2U,3,2D,2D,2,Health Care,Unknown,QQQ|XLV,2,"QQQ, XLV"
2026-02-01 23:22:36 EST,APP,473.22,2U,1,2D,2D,2D,1,2D,2D,2D,2D,-1,Information Technology,Unknown,QQQ|XLK,2,"QQQ, XLK"
2026-02-01 23:22:36 EST,DIS,112.84,3,2D,2U,2D,2U,1,1,2U,2D,2U,-2,Communication Services,Unknown,DIA,1,DIA
2026-02-01 23:22:36 EST,LIN,457.26,2D,2D,2U,2U,2U,1,1,2U,2U,2U,-3,Materials,Unknown,QQQ,1,QQQ
2026-02-01 23:22:36 EST,BX,142.46,1,2D,3,2D,2D,1,1,3,2D,2D,-7,Financials,Unknown,XLF,1,XLF
2026-02-01 23:22:36 EST,INTC,46.48,2D,2U,2U,2D,3,2U,2U,2U,2D,3,0,Information Technology,Unknown,QQQ|SMH|XLK,3,"QQQ, SMH, XLK"
2026-02-01 23:22:36 EST,QCOM,151.59,2D,2U,3,2D,1,1,2D,3,2D,1,-3,Information Technology,Unknown,QQQ|SMH|XLK,3,"QQQ, SMH, XLK"
2026-02-01 23:22:36 EST,PEP,153.66,2D,1,3,2U,2U,1,2D,3,2U,2U,-2,Consumer Staples,Unknown,QQQ|XLP,2,"QQQ, XLP"
2026-02-01 23:22:36 EST,MUFG,18.06,2U,2U,2U,2D,2D,2U,2U,2U,2D,2D,9,Unknown,Unknown,,0,
2026-02-01 23:22:36 EST,GEV,726.35,2U,2U,2U,2U,2U,2U,2U,2U,2U,2U,15,Industrials,Unknown,XLI,1,XLI
2026-02-01 23:22:36 EST,SCHW,103.95,2U,3,2U,1,1,2U,2U,2U,1,1,8,Financials,Unknown,XLF,1,XLF
2026-02-01 23:22:36 EST,KLAC,1428.37,2U,2U,2U,3,2D,2U,2U,2U,3,2D,11,Information Technology,Unknown,SMH|XLK,2,"SMH, XLK"
2026-02-01 23:22:36 EST,BLK,1119.55,2U,3,2U,2D,2D,1,1,2U,2D,2D,5,Financials,Unknown,XLF,1,XLF
2026-02-01 23:22:36 EST,INTU,499.12,3,2D,2D,3,1,2D,2D,2D,3,1,-7,Information Technology,Unknown,XLK,1,XLK
2026-02-01 23:22:36 EST,AMGN,341.88,1,2U,2U,2U,2D,2U,2U,2U,2U,2D,8,Health Care,Unknown,DIA|XLV,2,"DIA, XLV"
2026-02-01 23:22:36 EST,UBER,80.05,2U,2D,1,2D,3,1,1,1,2D,3,-1,Industrials,Unknown,XLI,1,XLI
2026-02-01 23:22:36 EST,SAN,12.75,2U,2U,2U,2U,1,2U,2U,2U,2U,1,14,Unknown,Unknown,,0,
2026-02-01 23:22:36 EST,BA,233.84,2D,2D,2U,3,2D,2U,2U,2U,3,2D,-7,Industrials,Unknown,DIA|XLI,2,"DIA, XLI"
2026-02-01 23:22:36 EST,TXN,215.65,3,2D,2U,2U,2D,2U,2U,2U,2U,2D,0,Information Technology,Unknown,SMH|XLK,2,"SMH, XLK"
2026-02-01 23:22:36 EST,PDD,101.05,2D,2U,3,2D,2D,1,2D,3,2D,2D,-4,Unknown,Unknown,,0,
2026-02-01 23:22:36 EST,APH,144.1,2U,2U,2U,3,2D,2U,2U,2U,3,2D,11,Information Technology,Unknown,XLK,1,XLK
2026-02-01 23:22:36 EST,T,26.22,2U,2D,3,3,2U,1,2D,3,3,2U,2,Communication Services,Unknown,,0,
2026-02-01 23:22:36 EST,BKNG,4999.48,2U,2D,1,1,2D,1,1,1,1,2D,0,Consumer Discretionary,Unknown,XLY,1,XLY
2026-02-01 23:22:36 EST,TJX,149.81,2U,2U,3,2D,2U,2U,2U,3,2D,2U,8,Consumer Discretionary,Unknown,XLY,1,XLY
2026-02-01 23:22:36 EST,VZ,44.52,2U,2D,3,2U,2U,1,2U,3,2U,2U,4,Communication Services,Unknown,,0,
2026-02-01 23:22:36 EST,ACN,263.74,3,1,2U,2D,1,1,2U,2U,2D,1,1,Information Technology,Unknown,XLK,1,XLK
2026-02-01 23:22:36 EST,NEE,87.92,2U,2U,3,2U,2D,2U,2U,3,2U,2D,10,Utilities,Unknown,XLU,1,XLU
2026-02-01 23:22:36 EST,DHR,218.93,2D,2U,3,2D,2D,1,2U,3,2D,2D,-4,Health Care,Unknown,XLV,1,XLV
2026-02-01 23:22:36 EST,ANET,141.77,2U,2U,3,2U,2D,1,1,3,2U,2D,10,Unknown,Unknown,,0,
2026-02-01 23:22:36 EST,HDB,32.39,2U,2D,2D,1,2D,1,2D,2D,1,2D,-3,Unknown,Unknown,,0,
2026-02-01 23:22:36 EST,COF,219.02,2U,3,3,2D,2D,2U,2U,3,2D,2D,2,Financials,Unknown,XLF,1,XLF
2026-02-01 23:22:36 EST,SPGI,528.11,2U,2D,2U,1,1,1,2U,2U,1,1,4,Financials,Unknown,XLF,1,XLF
2026-02-01 23:22:36 EST,TD,93.48,2U,2U,2U,2U,3,2U,2U,2U,2U,3,14,Unknown,Unknown,,0,
2026-02-01 23:22:36 EST,BHP,68.71,2D,2U,2U,2U,2D,2U,2U,2U,2U,2D,3,Unknown,Unknown,,0,
2026-02-01 23:22:36 EST,SONY,22.08,2U,2U,2D,2D,2D,1,2D,2D,2D,2D,3,Unknown,Unknown,,0,
2026-02-01 23:22:36 EST,NOW,116.85,2U,2D,2D,3,1,2D,2D,2D,3,1,-2,Information Technology,Unknown,XLK,1,XLK
2026-02-01 23:22:36 EST,GILD,141.98,2U,2U,3,2U,2U,2U,2U,3,2U,2U,12,Health Care,Unknown,XLV,1,XLV
2026-02-01 23:22:36 EST,UBS,47.15,3,2U,2U,2U,2D,2U,2U,2U,2U,2D,8,Unknown,Unknown,,0,
2026-02-01 23:22:36 EST,BSX,93.56,2U,2D,2D,2U,2U,1,2D,2D,2U,2U,1,Health Care,Unknown,XLV,1,XLV
2026-02-01 23:22:36 EST,PFE,26.46,2D,2U,2U,2U,2U,1,1,2U,2U,2U,5,Health Care,Unknown,XLV,1,XLV
2026-02-01 23:22:36 EST,RIO,91.08,3,2U,2U,2U,2D,2U,2U,2U,2U,2D,8,Unknown,Unknown,,0,
2026-02-01 23:22:36 EST,ADI,310.91,3,2U,2U,2U,1,2U,2U,2U,2U,1,9,Information Technology,Unknown,SMH|XLK,2,"SMH, XLK"
2026-02-01 23:22:36 EST,ADBE,293.32,2D,2D,2D,3,2U,2D,2D,2D,3,2U,-11,Information Technology,Unknown,XLK,1,XLK
2026-02-01 23:22:36 EST,SYK,369.62,2U,2D,3,3,2U,1,2D,3,3,2U,2,Health Care,Unknown,XLV,1,XLV
2026-02-01 23:22:36 EST,UL,68.35,1,2D,2D,2U,2U,1,2D,2D,2U,2U,-4,Unknown,Unknown,,0,
2026-02-01 23:22:36 EST,UNP,235.05,2D,2U,2D,2U,2U,1,1,2D,2U,2U,-1,Industrials,Unknown,XLI,1,XLI
2026-02-01 23:22:36 EST,LOW,267.14,2D,1,2U,2D,2D,2U,2U,2U,2D,2D,-5,Consumer Discretionary,Unknown,XLY,1,XLY
2026-02-01 23:22:36 EST,TTE,72.43,2D,3,3,2U,2D,2U,2U,3,2U,2D,-4,Unknown,Unknown,,0,
2026-02-01 23:22:36 EST,BBVA,25.41,2U,2U,2U,2U,1,2U,2U,2U,2U,1,14,Unknown,Unknown,,0,
2026-02-01 23:22:36 EST,DE,527.89,2U,2D,2U,2U,2D,2U,2U,2U,2U,2D,5,Industrials,Unknown,XLI,1,XLI
2026-02-01 23:22:36 EST,SCCO,190.31,3,2U,2U,2U,2D,2U,2U,2U,2U,2D,8,Unknown,Unknown,,0,
2026-02-01 23:22:36 EST,SMFG,20.99,2U,2U,2U,2U,2D,2U,2U,2U,2U,2D,13,Unknown,Unknown,,0,
2026-02-01 23:22:36 EST,HON,227.64,2D,2D,2U,2U,2U,2U,2U,2U,2U,2U,-3,Industrials,Unknown,DIA|XLI,2,"DIA, XLI"
2026-02-01 23:22:36 EST,PANW,177.04,2U,2U,2D,3,1,1,2D,2D,3,1,6,Information Technology,Unknown,XLK,1,XLK
2026-02-01 23:22:36 EST,ETN,351.52,2U,2D,2U,3,2D,1,1,2U,3,2D,3,Industrials,Unknown,XLI,1,XLI
2026-02-01 23:22:36 EST,MDT,102.99,2U,2U,2D,2U,2U,1,1,2D,2U,2U,9,Health Care,Unknown,XLV,1,XLV
2026-02-01 23:22:36 EST,WELL,188.29,2U,2U,2D,1,2U,1,1,2D,1,2U,7,Real Estate,Unknown,,0,
2026-02-01 23:22:36 EST,BUD,71.68,3,1,2U,2U,2U,1,2U,2U,2U,2U,6,Unknown,Unknown,,0,
2026-02-01 23:22:36 EST,PGR,208.07,2U,2D,2D,2U,1,2D,2D,2D,2U,1,0,Financials,Unknown,XLF,1,XLF
2026-02-01 23:22:36 EST,ARM,105.37,1,3,2D,2D,1,1,2D,2D,2D,1,-5,Unknown,Unknown,,0,
2026-02-01 23:22:36 EST,CB,309.59,2U,2U,2U,2U,2U,2U,2U,2U,2U,2U,15,Financials,Unknown,XLF,1,XLF
2026-02-01 23:22:36 EST,PLD,130.55,2D,2U,3,2D,2U,2U,2U,3,2D,2U,-2,Real Estate,Unknown,,0,
2026-02-01 23:22:36 EST,KKR,114.27,2U,2D,2D,2D,2D,1,1,2D,2D,2D,-5,Financials,Unknown,XLF,1,XLF
2026-02-01 23:22:36 EST,LMT,634.37,2D,2U,2U,2U,1,2U,2U,2U,2U,1,4,Industrials,Unknown,XLI,1,XLI
2026-02-01 23:22:36 EST,COP,104.23,2D,2D,2U,2U,2D,1,2U,2U,2U,2D,-5,Energy,Unknown,XLE,1,XLE
2026-02-01 23:22:36 EST,NEM,112.31,2U,2U,2U,3,2D,2U,2U,2U,3,2D,11,Materials,Unknown,,0,
2026-02-01 23:22:36 EST,VRTX,470.18,2D,1,2U,2U,2D,1,2U,2U,2U,2D,-1,Health Care,Unknown,XLV,1,XLV
2026-02-01 23:22:36 EST,BTI,60.69,2U,1,3,2U,2D,2U,2U,3,2U,2D,6,Unknown,Unknown,,0,
2026-02-01 23:22:36 EST,SPOT,500.06,2U,2D,2D,2U,2U,1,2D,2D,2U,2U,1,Unknown,Unknown,,0,
2026-02-01 23:22:36 EST,PH,936.71,2U,2U,2U,3,2D,2U,2U,2U,3,2D,11,Industrials,Unknown,XLI,1,XLI
2026-02-01 23:22:36 EST,SNY,47.03,3,2U,2D,2U,2U,1,2D,2D,2U,2U,4,Unknown,Unknown,,0,
2026-02-01 23:22:36 EST,CRWD,441.36,2U,2U,2D,3,1,1,2D,2D,3,1,6,Unknown,Unknown,,0,
2026-02-01 23:22:36 EST,IBN,29.3,2U,2D,3,1,2D,1,2D,3,1,2D,0,Unknown,Unknown,,0,
2026-02-01 23:22:36 EST,MELI,2150.0,2U,2D,2U,2U,2D,1,1,2U,2U,2D,5,Unknown,Unknown,,0,
2026-02-01 23:22:36 EST,BMY,55.05,2U,3,2U,2U,1,1,2U,2U,2U,1,10,Health Care,Unknown,XLV,1,XLV
2026-02-01 23:22:36 EST,CEG,280.66,2U,2U,2D,2D,2D,1,2D,2D,2D,2D,3,Utilities,Unknown,XLU,1,XLU
2026-02-01 23:22:36 EST,HCA,488.11,2U,2U,2U,2U,1,2U,2U,2U,2U,1,14,Health Care,Unknown,XLV,1,XLV
2026-02-01 23:22:36 EST,BN,45.55,2U,1,2U,2U,2D,2U,2U,2U,2U,2D,9,Unknown,Unknown,,0,
2026-02-01 23:22:36 EST,HOOD,99.47,2U,2U,2D,2D,3,1,2D,2D,2D,3,4,Financials,Unknown,ARKK|XLF,2,"ARKK, XLF"
2026-02-01 23:22:36 EST,ADP,246.81,2U,2D,3,2D,2D,2D,2D,3,2D,2D,-2,Industrials,Unknown,XLI,1,XLI
2026-02-01 23:22:36 EST,GSK,51.6,3,2U,2U,2U,2U,2U,2U,2U,2U,2U,10,Unknown,Unknown,,0,
2026-02-01 23:22:36 EST,CVS,74.55,2U,2U,3,3,2D,1,2D,3,3,2D,8,Health Care,Unknown,XLV,1,XLV
2026-02-01 23:22:36 EST,MCK,831.24,2U,2U,1,2U,2D,1,1,1,2U,2D,10,Health Care,Unknown,XLV,1,XLV
2026-02-01 23:22:36 EST,SBUX,91.96,2U,2D,2U,2U,2D,1,2U,2U,2U,2D,5,Consumer Discretionary,Unknown,XLY,1,XLY
2026-02-01 23:22:36 EST,ENB,48.83,2U,2U,3,2U,2D,1,2D,3,2U,2D,10,Unknown,Unknown,,0,
2026-02-01 23:22:36 EST,CMCSA,29.78,2D,2D,2U,3,1,1,2U,2U,3,1,-6,Communication Services,Unknown,,0,
2026-02-01 23:22:36 EST,DASH,204.65,2U,3,2D,1,2U,1,1,2D,1,2U,3,Consumer Discretionary,Unknown,XLY,1,XLY
2026-02-01 23:22:36 EST,SNPS,465.24,3,2D,2U,2D,2D,1,2U,2U,2D,2D,-4,Unknown,Unknown,SMH,1,SMH
2026-02-01 23:22:36 EST,GD,351.33,3,2U,2U,2D,1,2U,2U,2U,2D,1,5,Industrials,Unknown,XLI,1,XLI
2026-02-01 23:22:36 EST,MFG,8.63,2U,2U,2U,2U,2D,2U,2U,2U,2U,2D,13,Unknown,Unknown,,0,
2026-02-01 23:22:36 EST,CME,289.06,2U,2D,3,2U,2D,2U,2U,3,2U,2D,2,Financials,Unknown,XLF,1,XLF
2026-02-01 23:22:36 EST,NKE,61.84,2D,2D,1,2D,2D,1,1,1,2D,2D,-12,Consumer Discretionary,Unknown,XLY,1,XLY
2026-02-01 23:22:36 EST,CVNA,401.12,2U,3,2U,2D,2D,2U,2U,2U,2D,2D,5,Consumer Discretionary,Unknown,XLY,1,XLY
2026-02-01 23:22:36 EST,SO,89.34,2U,3,1,1,3,1,1,1,1,3,5,Utilities,Unknown,XLU,1,XLU
2026-02-01 23:22:36 EST,SOMN,51.2,,,2U,1,3,,,2U,1,3,3,Unknown,Unknown,,0,
2026-02-01 23:22:36 EST,BMO,136.16,2U,2U,2U,2U,2D,2U,2U,2U,2U,2D,13,Unknown,Unknown,,0,
2026-02-01 23:22:36 EST,MCO,515.73,2U,2D,2U,2D,1,2U,2U,2U,2D,1,2,Unknown,Unknown,,0,
2026-02-01 23:22:36 EST,ICE,173.79,2U,2D,2U,2U,2D,1,2U,2U,2U,2D,5,Financials,Unknown,XLF,1,XLF
2026-02-01 23:22:36 EST,NTES,128.82,2U,1,3,2D,3,1,2D,3,2D,3,3,Unknown,Unknown,,0,
2026-02-01 23:22:36 EST,MO,62.0,2U,2D,3,3,1,1,2D,3,3,1,1,Consumer Staples,Unknown,XLP,1,XLP
2026-02-01 23:22:36 EST,BNS,74.71,2U,2U,2U,2U,2D,2U,2U,2U,2U,2D,13,Unknown,Unknown,,0,
2026-02-01 23:22:36 EST,DUK,121.36,2U,3,1,2U,2D,1,1,1,2U,2D,6,Utilities,Unknown,XLU,1,XLU
2026-02-01 23:22:36 EST,MMC,182.65,3,2D,3,3,2U,1,1,3,3,2U,-3,Financials,Unknown,XLF,1,XLF
2026-02-01 23:22:36 EST,BCS,26.75,2U,2U,2U,2U,1,2U,2U,2U,2U,1,14,Unknown,Unknown,,0,
2026-02-01 23:22:36 EST,AEM,190.4,2U,2U,2U,3,2D,2U,2U,2U,3,2D,11,Unknown,Unknown,,0,
2026-02-01 23:22:36 EST,UPS,106.23,2D,1,2U,3,2U,1,2U,2U,3,2U,-1,Industrials,Unknown,XLI,1,XLI
2026-02-01 23:22:36 EST,BP,37.88,2D,2U,2U,2U,2D,2U,2U,2U,2U,2D,3,Unknown,Unknown,,0,
2026-02-01 23:22:36 EST,BAM,49.7,2U,2D,2D,2D,2D,1,1,2D,2D,2D,-5,Unknown,Unknown,,0,
2026-02-01 23:22:36 EST,APO,134.57,1,2D,3,2D,2U,1,2U,3,2D,2U,-5,Unknown,Unknown,,0,
2026-02-01 23:22:36 EST,MMM,153.12,2U,2U,2D,2D,2D,1,1,2D,2D,2D,3,Industrials,Unknown,DIA|XLI,2,"DIA, XLI"
2026-02-01 23:22:36 EST,WM,222.27,2U,2D,2U,3,2D,1,2U,2U,3,2D,3,Industrials,Unknown,XLI,1,XLI
2026-02-01 23:22:36 EST,USB,56.1,3,2U,2U,1,2D,2U,2U,2U,1,2D,6,Financials,Unknown,XLF,1,XLF
2026-02-01 23:22:36 EST,NOC,692.26,2U,2U,2U,3,2D,2U,2U,2U,3,2D,11,Industrials,Unknown,XLI,1,XLI
2026-02-01 23:22:36 EST,NU,17.77,2U,2U,2U,2U,2D,2U,2U,2U,2U,2D,13,Unknown,Unknown,,0,
2026-02-01 23:22:36 EST,CRH,122.43,2U,2U,2U,1,1,2U,2U,2U,1,1,12,Materials,Unknown,,0,
2026-02-01 23:22:36 EST,MAR,315.4,2U,2U,2U,2D,1,2U,2U,2U,2D,1,10,Consumer Discretionary,Unknown,XLY,1,XLY
2026-02-01 23:22:36 EST,HWM,208.19,2U,2U,2U,2D,2D,2U,2U,2U,2D,2D,9,Industrials,Unknown,XLI,1,XLI
2026-02-01 23:22:36 EST,CM,92.37,2U,2U,2U,2U,2D,2U,2U,2U,2U,2D,13,Unknown,Unknown,,0,
2026-02-01 23:22:36 EST,CDNS,296.43,3,2D,2D,3,1,1,2D,2D,3,1,-7,Unknown,Unknown,SMH,1,SMH
2026-02-01 23:22:36 EST,PNC,223.38,1,3,2U,1,2U,2U,2U,2U,1,2U,4,Financials,Unknown,XLF,1,XLF
2026-02-01 23:22:36 EST,BK,119.92,2U,2U,2U,1,1,2U,2U,2U,1,1,12,Financials,Unknown,XLF,1,XLF
2026-02-01 23:22:36 EST,SE,116.52,2U,2D,3,3,2D,1,2D,3,3,2D,0,Unknown,Unknown,,0,
2026-02-01 23:22:36 EST,TT,420.61,2U,2D,3,2U,1,1,2D,3,2U,1,3,Industrials,Unknown,XLI,1,XLI
2026-02-01 23:22:36 EST,ING,29.4,2U,2U,2U,2U,1,2U,2U,2U,2U,1,14,Unknown,Unknown,,0,
2026-02-01 23:22:36 EST,SHW,354.8,1,2D,2U,2D,2U,1,1,2U,2D,2U,-2,Materials,Unknown,DIA,1,DIA
2026-02-01 23:22:36 EST,ABNB,129.37,2D,2D,2U,1,2D,1,2U,2U,1,2D,-7,Consumer Discretionary,Unknown,XLY,1,XLY
2026-02-01 23:22:36 EST,ELV,345.75,2D,1,3,3,2U,1,2U,3,3,2U,-4,Health Care,Unknown,XLV,1,XLV
2026-02-01 23:22:36 EST,AMT,179.28,1,2D,2D,1,2D,2D,2D,2D,1,2D,-8,Real Estate,Unknown,,0,
2026-02-01 23:22:36 EST,DELL,114.45,2D,3,2D,1,2D,1,2D,2D,1,2D,-9,Unknown,Unknown,,0,
2026-02-01 23:22:36 EST,EMR,147.03,3,2D,2U,2U,2D,2U,2U,2U,2U,2D,0,Industrials,Unknown,XLI,1,XLI
2026-02-01 23:22:36 EST,RCL,325.0,2U,2D,2U,2U,1,1,2U,2U,2U,1,6,Consumer Discretionary,Unknown,XLY,1,XLY
2026-02-01 23:22:36 EST,FCX,60.26,2D,2U,2U,2U,2D,2U,2U,2U,2U,2D,3,Materials,Unknown,,0,
2026-02-01 23:22:36 EST,SNOW,192.73,2U,2U,2D,3,2D,1,2D,2D,3,2D,5,Unknown,Unknown,,0,
2026-02-01 23:22:36 EST,REGN,742.04,2D,2U,2U,2U,3,2U,2U,2U,2U,3,4,Health Care,Unknown,XLV,1,XLV
2026-02-01 23:22:36 EST,LYG,5.99,2U,2U,2U,2U,2U,2U,2U,2U,2U,2U,15,Unknown,Unknown,,0,
2026-02-01 23:22:36 EST,ITUB,8.61,3,2U,2U,2U,2D,2U,2U,2U,2U,2D,8,Unknown,Unknown,,0,
2026-02-01 23:22:36 EST,NGG,85.26,2U,2U,2U,2U,2D,2U,2U,2U,2U,2D,13,Unknown,Unknown,,0,
2026-02-01 23:22:36 EST,TDG,1428.54,2U,2D,2U,1,2D,1,2U,2U,1,2D,3,Industrials,Unknown,XLI,1,XLI
2026-02-01 23:22:36 EST,EQIX,821.25,1,3,2U,2U,2D,1,1,2U,2U,2D,4,Real Estate,Unknown,,0,
2026-02-01 23:22:36 EST,B,45.76,2U,2U,2U,3,2D,2U,2U,2U,3,2D,11,Unknown,Unknown,,0,
2026-02-01 23:22:36 EST,GM,84.01,2U,2U,2U,2U,2D,2U,2U,2U,2U,2D,13,Consumer Discretionary,Unknown,XLY,1,XLY
2026-02-01 23:22:36 EST,ECL,282.11,2U,2D,2U,2U,2U,1,2U,2U,2U,2U,7,Materials,Unknown,,0,
2026-02-01 23:22:36 EST,GLW,103.31,2U,2U,2U,2U,2U,2U,2U,2U,2U,2U,15,Unknown,Unknown,,0,
2026-02-01 23:22:36 EST,ORLY,98.41,2U,1,2D,2U,2D,1,2D,2D,2U,2D,3,Consumer Discretionary,Unknown,XLY,1,XLY
2026-02-01 23:22:36 EST,CI,274.09,2D,2D,2U,3,2D,1,1,2U,3,2D,-7,Health Care,Unknown,XLV,1,XLV
2026-02-01 23:22:36 EST,RELX,35.81,2U,2D,3,2D,2D,2D,2D,3,2D,2D,-2,Unknown,Unknown,,0,
2026-02-01 23:22:36 EST,CMI,578.87,2U,2U,2U,2U,2D,2U,2U,2U,2U,2D,13,Industrials,Unknown,XLI,1,XLI
2026-02-01 23:22:36 EST,AON,349.72,2U,2D,2D,3,2U,1,1,2D,3,2U,-1,Unknown,Unknown,,0,
2026-02-01 23:22:36 EST,WDC,250.32,3,2U,2U,2U,2D,2U,2U,2U,2U,2D,8,Unknown,Unknown,,0,
2026-02-01 23:22:36 EST,CTAS,191.36,2U,2D,2U,2D,2U,1,1,2U,2D,2U,3,Unknown,Unknown,,0,
2026-02-01 23:22:36 EST,MRVL,78.95,3,2U,2D,3,2D,1,1,2D,3,2D,0,Unknown,Unknown,SMH,1,SMH
2026-02-01 23:22:36 EST,DB,39.23,2U,2U,2U,2U,2U,2U,2U,2U,2U,2U,15,Unknown,Unknown,,0,
2026-02-01 23:22:36 EST,PBR,15.35,2D,3,2U,2U,2D,2U,2U,2U,2U,2D,-1,Unknown,Unknown,,0,
2026-02-01 23:22:36 EST,MNST,80.76,2U,2U,2U,2U,2D,2U,2U,2U,2U,2D,13,Consumer Staples,Unknown,XLP,1,XLP
2026-02-01 23:22:36 EST,ITW,261.37,2D,2D,3,2U,2D,1,2U,3,2U,2D,-8,Unknown,Unknown,,0,
2026-02-01 23:22:36 EST,PBR-A,14.36,2D,3,2U,2U,2D,2U,2U,2U,2U,2D,-1,Unknown,Unknown,,0,
2026-02-01 23:22:36 EST,WMB,67.25,2U,2U,2U,2U,2D,2U,2U,2U,2U,2D,13,Energy,Unknown,XLE,1,XLE
2026-02-01 23:22:36 EST,FDX,322.27,2D,2U,2U,2U,2U,2U,2U,2U,2U,2U,5,Industrials,Unknown,XLI,1,XLI
2026-02-01 23:22:36 EST,INFY,17.58,3,3,1,3,2D,1,1,1,3,2D,-1,Unknown,Unknown,,0,
2026-02-01 23:22:36 EST,STX,407.78,3,2U,2U,2U,2D,2U,2U,2U,2U,2D,8,Unknown,Unknown,,0,
2026-02-01 23:22:36 EST,NWG,18.23,2U,2U,2U,2U,1,2U,2U,2U,2U,1,14,Unknown,Unknown,,0,
2026-02-01 23:22:36 EST,WBD,27.53,2U,2U,1,2D,2D,1,1,1,2D,2D,6,Communication Services,Unknown,,0,
2026-02-01 23:22:36 EST,SPG,191.45,2U,2U,2U,3,2U,2U,2U,2U,3,2U,13,Real Estate,Unknown,,0,
2026-02-01 23:22:36 EST,JCI,119.28,2U,2U,3,3,1,2U,2U,3,3,1,9,Industrials,Unknown,XLI,1,XLI
2026-02-01 23:22:36 EST,NET,177.3,2U,2U,3,2U,1,1,2D,3,2U,1,11,Unknown,Unknown,,0,
2026-02-01 23:22:36 EST,EPD,33.25,1,3,3,2U,2D,1,2U,3,2U,2D,1,Unknown,Unknown,,0,
2026-02-01 23:22:36 EST,HLT,298.64,2U,3,2U,2U,2D,2U,2U,2U,2U,2D,9,Consumer Discretionary,Unknown,XLY,1,XLY
2026-02-01 23:22:36 EST,TEL,222.64,3,2U,2D,2D,2D,1,1,2D,2D,2D,-2,Unknown,Unknown,,0,
2026-02-01 23:22:36 EST,MDLZ,58.5,2D,2D,3,2U,3,2D,2D,3,2U,3,-7,Consumer Staples,Unknown,XLP,1,XLP
2026-02-01 23:22:36 EST,COIN,194.88,2U,2D,2D,2D,2D,1,2D,2D,2D,2D,-5,Unknown,Unknown,ARKK,1,ARKK
2026-02-01 23:22:36 EST,AJG,249.54,2U,2D,2U,2D,2U,1,1,2U,2D,2U,3,Unknown,Unknown,,0,
2026-02-01 23:22:36 EST,CSX,37.77,2D,2U,2U,2U,1,2U,2U,2U,2U,1,4,Unknown,Unknown,,0,
2026-02-01 23:22:36 EST,COR,359.29,2U,2U,2D,2U,2D,1,1,2D,2U,2D,7,Health Care,Unknown,XLV,1,XLV
2026-02-01 23:22:36 EST,CNQ,37.22,2D,2U,3,2U,2D,2U,2U,3,2U,2D,0,Unknown,Unknown,,0,
2026-02-01 23:22:36 EST,VRT,186.13,2U,2U,2U,2U,3,1,1,2U,2U,3,14,Unknown,Unknown,,0,
2026-02-01 23:22:36 EST,RACE,333.08,2U,2D,2D,2D,2D,2D,2D,2D,2D,2D,-5,Unknown,Unknown,,0,
2026-02-01 23:22:36 EST,CP,74.32,2D,2D,3,2U,1,1,1,3,2U,1,-7,Unknown,Unknown,,0,
2026-02-01 23:22:36 EST,TFC,51.44,3,3,2U,2U,2U,2U,2U,2U,2U,2U,6,Unknown,Unknown,,0,
2026-02-01 23:22:36 EST,PWR,474.91,2U,2U,3,2U,2D,2U,2U,3,2U,2D,10,Unknown,Unknown,,0,
2026-02-01 23:22:36 EST,NSC,291.36,3,2U,2D,2U,2U,1,2D,2D,2U,2U,4,Unknown,Unknown,,0,
2026-02-01 23:22:36 EST,RSG,215.08,2U,2D,2U,2U,2D,1,1,2U,2U,2D,5,Unknown,Unknown,,0,
2026-02-01 23:22:36 EST,SLB,48.38,2D,3,2U,1,2D,2U,2U,2U,1,2D,-3,Energy,Unknown,XLE,1,XLE
2026-02-01 23:22:36 EST,TRV,284.49,2U,2U,2D,2U,2D,1,1,2D,2U,2D,7,Unknown,Unknown,DIA,1,DIA
2026-02-01 23:22:36 EST,MSI,402.54,1,2D,2U,2U,1,1,1,2U,2U,1,1,Unknown,Unknown,,0,
2026-02-01 23:22:36 EST,AMX,20.71,3,2U,2D,2U,2D,1,2D,2D,2U,2D,2,Unknown,Unknown,,0,
2026-02-01 23:22:36 EST,CL,90.3,2D,2D,3,2U,2U,1,2U,3,2U,2U,-6,Consumer Staples,Unknown,XLP,1,XLP
2026-02-01 23:22:36 EST,ADSK,252.89,2U,1,2D,3,1,1,2D,2D,3,1,2,Unknown,Unknown,,0,
2026-02-01 23:22:36 EST,NXPI,226.07,2D,2D,2U,3,2D,1,2U,2U,3,2D,-7,Unknown,Unknown,SMH,1,SMH
2026-02-01 23:22:36 EST,MFC,38.11,2U,2U,2U,2U,2D,2U,2U,2U,2U,2D,13,Unknown,Unknown,,0,
2026-02-01 23:22:36 EST,PCAR,122.94,2D,3,2U,3,2D,2U,2U,2U,3,2D,-3,Unknown,Unknown,,0,
2026-02-01 23:22:36 EST,BOUT,38.59,2D,3,2U,2U,2D,1,1,2U,2U,2D,-1,Unknown,Unknown,,0,
2026-02-01 23:22:36 EST,BOXA,105.6,3,2U,2U,2U,2D,1,1,2U,2U,2D,8,Unknown,Unknown,,0,
2026-02-01 23:22:36 EST,BOXX,115.45,2U,2U,2U,2U,2U,2U,2U,2U,2U,2U,15,Unknown,Unknown,,0,
2026-02-01 23:22:36 EST,BPAY,25.69,3,2D,2D,2D,2D,1,2D,2D,2D,2D,-10,Unknown,Unknown,,0,
2026-02-01 23:22:36 EST,BPH,57.65,,2U,1,2U,2U,,1,1,2U,2U,7,Unknown,Unknown,,0,
2026-02-01 23:22:36 EST,BPI,28.72,,2D,3,2D,2D,,2D,3,2D,2D,-7,Unknown,Unknown,,0,
2026-02-01 23:22:36 EST,BRAZ,31.75,2U,2U,2U,2U,2D,2U,2U,2U,2U,2D,13,Unknown,Unknown,,0,
2026-02-01 23:22:36 EST,BRCE,26.62,,,2U,2U,1,,,2U,2U,1,5,Unknown,Unknown,,0,
2026-02-01 23:22:36 EST,BREM,51.67,,,2U,2U,2U,,,2U,2U,2U,6,Unknown,Unknown,,0,
2026-02-01 23:22:36 EST,BRF,18.63,3,2U,2U,2U,2D,2U,2U,2U,2U,2D,8,Unknown,Unknown,,0,
2026-02-01 23:22:36 EST,BRHY,51.72,3,3,2U,2U,1,1,1,2U,2U,1,5,Unknown,Unknown,,0,
2026-02-01 23:22:36 EST,BRIE,28.11,,,2U,2U,2D,,,2U,2U,2D,4,Unknown,Unknown,,0,
2026-02-01 23:22:36 EST,BRIF,30.49,3,2U,2U,2U,1,1,1,2U,2U,1,9,Unknown,Unknown,,0,
2026-02-01 23:22:36 EST,BRKC,42.91,,2D,2D,2D,2U,,2D,2D,2D,2U,-8,Unknown,Unknown,,0,
2026-02-01 23:22:36 EST,BRKD,24.52,3,2D,2U,2U,2D,1,2U,2U,2U,2D,0,Unknown,Unknown,,0,
2026-02-01 23:22:36 EST,BRKU,22.56,3,2U,2D,2D,2U,2D,2D,2D,2D,2U,0,Unknown,Unknown,,0,
2026-02-01 23:22:36 EST,BRKW,41.67,,2D,2D,2D,2U,,2D,2D,2D,2U,-8,Unknown,Unknown,,0,
2026-02-01 23:22:36 EST,BRLN,51.38,2D,2D,2D,2D,2D,1,1,2D,2D,2D,-15,Unknown,Unknown,,0,
2026-02-01 23:22:36 EST,BRNY,51.21,2U,2U,2U,2U,2D,2U,2U,2U,2U,2D,13,Unknown,Unknown,,0,
2026-02-01 23:22:36 EST,BRRR,23.66,2U,3,3,2D,2D,1,2D,3,2D,2D,2,Unknown,Unknown,,0,
2026-02-01 23:22:36 EST,BRTR,51.03,2D,2U,2U,2U,1,1,1,2U,2U,1,4,Unknown,Unknown,,0,
2026-02-01 23:22:36 EST,BRZU,106.89,2D,2U,2U,2U,2D,2U,2U,2U,2U,2D,3,Unknown,Unknown,,0,
2026-02-01 23:22:36 EST,BSCQ,19.56,1,1,2D,1,1,1,2D,2D,1,1,-3,Unknown,Unknown,,0,
2026-02-01 23:22:36 EST,BSCR,19.74,1,1,2D,2U,2U,1,2D,2D,2U,2U,0,Unknown,Unknown,,0,
2026-02-01 23:22:36 EST,BSCS,20.6,1,1,1,2U,2U,1,1,1,2U,2U,3,Unknown,Unknown,,0,
2026-02-01 23:22:36 EST,BSCT,18.85,2U,1,2D,2U,2U,1,2D,2D,2U,2U,5,Unknown,Unknown,,0,
2026-02-01 23:22:36 EST,BSCU,16.92,1,1,2D,2U,2U,1,2D,2D,2U,2U,0,Unknown,Unknown,,0,
2026-02-01 23:22:36 EST,BSCV,16.68,1,2U,2D,2U,2U,1,2D,2D,2U,2U,4,Unknown,Unknown,,0,
2026-02-01 23:22:36 EST,BSCW,20.87,2U,1,2D,2U,2U,1,2D,2D,2U,2U,5,Unknown,Unknown,,0,
2026-02-01 23:22:36 EST,BSCX,21.41,2U,1,2D,2U,1,1,2D,2D,2U,1,4,Unknown,Unknown,,0,
2026-02-01 23:22:36 EST,BSCY,20.99,2D,1,2D,2U,1,1,2D,2D,2U,1,-6,Unknown,Unknown,,0,
2026-02-01 23:22:36 EST,BSCZ,20.77,,2U,2D,2U,1,,2D,2D,2U,1,3,Unknown,Unknown,,0,
2026-02-01 23:22:36 EST,BSEP,49.74,2U,2U,2U,2U,1,2U,2U,2U,2U,1,14,Unknown,Unknown,,0,
2026-02-01 23:22:36 EST,BSJQ,23.26,2D,1,2D,1,1,1,2D,2D,1,1,-8,Unknown,Unknown,,0,
2026-02-01 23:22:36 EST,BSJR,22.61,3,2D,3,1,2D,1,2D,3,1,2D,-5,Unknown,Unknown,,0,
2026-02-01 23:22:36 EST,BSJS,22.0,2D,1,2U,1,1,1,1,2U,1,1,-2,Unknown,Unknown,,0,
2026-02-01 23:22:36 EST,BSJT,21.48,2D,1,2U,1,2D,1,1,2U,1,2D,-3,Unknown,Unknown,,0,
2026-02-01 23:22:36 EST,BSJU,26.16,2D,1,2U,2U,2U,1,2U,2U,2U,2U,1,Unknown,Unknown,,0,
2026-02-01 23:22:36 EST,BSJV,26.7,3,2D,2U,1,1,1,2U,2U,1,1,-1,Unknown,Unknown,,0,
2026-02-01 23:22:36 EST,BSJW,25.79,2D,1,3,2U,2U,1,2U,3,2U,2U,-2,Unknown,Unknown,,0,
2026-02-01 23:22:36 EST,BSJX,25.44,,1,1,2U,3,,1,1,2U,3,2,Unknown,Unknown,,0,
2026-02-01 23:22:36 EST,BSMC,36.71,3,2U,3,2D,2U,2U,2U,3,2D,2U,3,Unknown,Unknown,,0,
2026-02-01 23:22:36 EST,BSMQ,23.65,2D,1,2U,3,3,1,2U,2U,3,3,-2,Unknown,Unknown,,0,
2026-02-01 23:22:36 EST,BSMR,23.7,2D,1,2U,3,2U,1,2U,2U,3,2U,-1,Unknown,Unknown,,0,
2026-02-01 23:22:36 EST,BSMS,23.58,2D,1,2U,2U,1,2U,2U,2U,2U,1,0,Unknown,Unknown,,0,
2026-02-01 23:22:36 EST,BSMT,23.28,2D,1,2U,2U,1,2U,2U,2U,2U,1,0,Unknown,Unknown,,0,
2026-02-01 23:22:36 EST,BSMU,22.16,2D,1,2U,2U,2U,2U,2U,2U,2U,2U,1,Unknown,Unknown,,0,
2026-02-01 23:22:36 EST,BSMV,21.31,2D,1,2U,2U,1,2U,2U,2U,2U,1,0,Unknown,Unknown,,0,
2026-02-01 23:22:36 EST,BSMW,25.34,3,2U,2U,2U,3,1,2U,2U,2U,3,9,Unknown,Unknown,,0,
2026-02-01 23:22:36 EST,BSMY,24.75,2D,2U,2U,2U,2U,1,2U,2U,2U,2U,5,Unknown,Unknown,,0,
2026-02-01 23:22:36 EST,AAA,24.98,3,1,1,3,2D,1,1,1,3,2D,-1,Unknown,Unknown,,0,
2026-02-01 23:22:36 EST,AAAA,27.83,,2U,2U,2U,1,,2U,2U,2U,1,9,Unknown,Unknown,,0,
2026-02-01 23:22:36 EST,AAAU,47.89,2U,2U,2U,3,2D,2U,2U,2U,3,2D,11,Unknown,Unknown,,0,
2026-02-01 23:22:36 EST,AADR,91.79,2U,2U,2U,2U,3,2U,2U,2U,2U,3,14,Unknown,Unknown,,0,
2026-02-01 23:22:36 EST,AALG,13.39,,2U,2D,2D,2U,,1,2D,2D,2U,0,Unknown,Unknown,,0,
2026-02-01 23:22:36 EST,AAPB,28.81,3,2U,2D,2U,3,1,2D,2D,2U,3,3,Unknown,Unknown,,0,
2026-02-01 23:22:36 EST,AAPD,13.77,2D,2D,2U,2D,3,1,2U,2U,2D,3,-8,Unknown,Unknown,,0,
2026-02-01 23:22:36 EST,AAPR,28.55,2U,2U,2U,2U,2U,2U,2U,2U,2U,2U,15,Unknown,Unknown,,0,
2026-02-01 23:22:36 EST,AAPU,30.17,2D,2U,2D,2U,3,1,2D,2D,2U,3,-2,Unknown,Unknown,,0,
2026-02-01 23:22:36 EST,AAPW,37.42,,2U,2D,2U,3,,2D,2D,2U,3,3,Unknown,Unknown,,0,
2026-02-01 23:22:36 EST,AAPX,27.26,2D,2U,2D,2U,3,1,2D,2D,2U,3,-2,Unknown,Unknown,,0,
2026-02-01 23:22:36 EST,AAPY,23.33,2D,2U,2D,2U,1,1,2D,2D,2U,1,-2,Unknown,Unknown,,0,
2026-02-01 23:22:36 EST,AAUM,24.42,,,2U,2D,2D,,,2U,2D,2D,0,Unknown,Unknown,,0,
2026-02-01 23:22:36 EST,AAUS,55.6,,2U,2U,2U,2D,,2U,2U,2U,2D,8,Unknown,Unknown,,0,
2026-02-01 23:22:36 EST,AAVM,31.6,3,2U,2U,2U,2D,2U,2U,2U,2U,2D,8,Unknown,Unknown,,0,
2026-02-01 23:22:36 EST,AAXJ,100.29,2U,2U,2U,2U,2D,2U,2U,2U,2U,2D,13,Unknown,Unknown,,0,
2026-02-01 23:22:36 EST,ABCS,30.81,3,2U,2U,1,2D,2U,2U,2U,1,2D,6,Unknown,Unknown,,0,
2026-02-01 23:22:36 EST,ABEQ,37.44,2U,2U,2U,2U,2D,2U,2U,2U,2U,2D,13,Unknown,Unknown,,0,
2026-02-01 23:22:36 EST,ABFL,72.3,2U,3,2U,2U,2D,2U,2U,2U,2U,2D,9,Unknown,Unknown,,0,
2026-02-01 23:22:36 EST,ABI,24.89,,2D,2U,2U,2U,,1,2U,2U,2U,2,Unknown,Unknown,,0,
2026-02-01 23:22:36 EST,ABIG,32.15,,2U,2U,2U,2D,,2U,2U,2U,2D,8,Unknown,Unknown,,0,
2026-02-01 23:22:36 EST,ABLD,31.25,2D,3,2U,2U,2D,2U,2U,2U,2U,2D,-1,Unknown,Unknown,,0,
2026-02-01 23:22:36 EST,ABLG,32.36,3,2U,2U,2U,2D,2U,2U,2U,2U,2D,8,Unknown,Unknown,,0,
2026-02-01 23:22:36 EST,ABLS,19.73,,2D,2D,2D,2D,,2D,2D,2D,2D,-10,Unknown,Unknown,,0,
2026-02-01 23:22:36 EST,ABNG,16.32,,,2U,1,2D,,,2U,1,2D,2,Unknown,Unknown,,0,
2026-02-01 23:22:36 EST,ABNY,44.16,2D,2D,2D,1,2D,1,1,2D,1,2D,-13,Unknown,Unknown,,0,
2026-02-01 23:22:36 EST,ABOT,37.14,2U,1,2D,3,2D,1,2D,2D,3,2D,1,Unknown,Unknown,,0,
2026-02-01 23:22:36 EST,ABXB,19.73,2D,2U,2D,2U,2D,1,1,2D,2U,2D,-3,Unknown,Unknown,,0,
2026-02-01 23:22:36 EST,ACEI,24.06,,3,2D,3,2D,,2D,2D,3,2D,-4,Unknown,Unknown,,0,
2026-02-01 23:22:36 EST,ACES,35.42,3,2U,2U,2U,2D,1,1,2U,2U,2D,8,Unknown,Unknown,,0,
2026-02-01 23:22:36 EST,ACGR,64.9,2U,2U,3,2U,1,1,1,3,2U,1,11,Unknown,Unknown,,0,
2026-02-01 23:22:36 EST,ACIO,43.94,2U,2U,1,2U,1,1,1,1,2U,1,11,Unknown,Unknown,,0,
2026-02-01 23:22:36 EST,ACKY,19.77,,2D,2U,2D,1,,2U,2U,2D,1,-3,Unknown,Unknown,,0,
2026-02-01 23:22:36 EST,ACLC,79.22,3,2U,2U,2U,1,2U,2U,2U,2U,1,9,Unknown,Unknown,,0,
2026-02-01 23:22:36 EST,ACLO,50.59,3,3,2U,2U,2U,2U,2U,2U,2U,2U,6,Unknown,Unknown,,0,
2026-02-01 23:22:36 EST,ACSG,41.94,,,2U,2D,2D,,,2U,2D,2D,0,Unknown,Unknown,,0,
2026-02-01 23:22:36 EST,ACSI,67.38,2U,2U,3,2U,2D,2U,2U,3,2U,2D,10,Unknown,Unknown,,0,
2026-02-01 23:22:36 EST,ACSV,42.93,,,2U,1,2D,,,2U,1,2D,2,Unknown,Unknown,,0,
2026-02-01 23:22:36 EST,ACVF,49.92,2U,2U,2U,2U,2D,2U,2U,2U,2U,2D,13,Unknown,Unknown,,0,
2026-02-01 23:22:36 EST,ACVT,26.95,,2U,2U,2U,1,,2U,2U,2U,1,9,Unknown,Unknown,,0,
2026-02-01 23:22:36 EST,ACWI,145.5,2U,2U,2U,2U,2D,2U,2U,2U,2U,2D,13,Unknown,Unknown,,0,
2026-02-01 23:22:36 EST,ACWV,120.69,2U,2U,2U,2U,2D,2U,2U,2U,2U,2D,13,Unknown,Unknown,,0,
2026-02-01 23:22:36 EST,ACWX,70.77,2U,2U,2U,2U,2D,2U,2U,2U,2U,2D,13,Unknown,Unknown,,0,
2026-02-01 23:22:36 EST,ADBG,7.02,,2D,2D,3,2U,,2D,2D,3,2U,-6,Unknown,Unknown,,0,
2026-02-01 23:22:36 EST,ADFI,8.57,2D,2U,2U,2U,2D,2U,2U,2U,2U,2D,3,Unknown,Unknown,,0,
2026-02-01 23:22:36 EST,ADIV,18.58,2U,1,2U,2U,2D,2U,2U,2U,2U,2D,9,Unknown,Unknown,,0,
2026-02-01 23:22:36 EST,ADME,52.06,2U,2U,2U,2U,2U,1,1,2U,2U,2U,15,Unknown,Unknown,,0,
2026-02-01 23:22:36 EST,ADPV,43.67,2U,2U,2U,2D,2D,2U,2U,2U,2D,2D,9,Unknown,Unknown,,0,
2026-02-01 23:22:36 EST,ADVE,41.96,3,2U,2U,2U,2D,2U,2U,2U,2U,2D,8,Unknown,Unknown,,0,
2026-02-01 23:22:36 EST,AEMS,10.62,,3,1,2U,2D,,1,1,2U,2D,1,Unknown,Unknown,,0,
2026-02-01 23:22:36 EST,AESR,17.56,2U,3,1,2U,2D,1,1,1,2U,2D,6,Unknown,Unknown,,0,
2026-02-01 23:22:36 EST,AETH,35.05,3,1,2D,1,3,1,2D,2D,1,3,-3,Unknown,Unknown,,0,
2026-02-01 23:22:36 EST,AFIF,9.44,2U,2U,1,1,1,1,1,1,1,1,9,Unknown,Unknown,,0,
2026-02-01 23:22:36 EST,AFIX,25.12,,2U,2D,2U,1,,2D,2D,2U,1,3,Unknown,Unknown,,0,
2026-02-01 23:22:36 EST,AFK,27.85,2U,2U,2U,2U,2D,2U,2U,2U,2U,2D,13,Unknown,Unknown,,0,
2026-02-01 23:22:36 EST,AFLG,40.1,2U,2U,2U,2U,2D,2U,2U,2U,2U,2D,13,Unknown,Unknown,,0,
2026-02-01 23:22:36 EST,AFMC,35.99,2U,2U,2U,2D,2D,2U,2U,2U,2D,2D,9,Unknown,Unknown,,0,
2026-02-01 23:22:36 EST,AFOS,37.71,,2U,2U,2U,2D,,2U,2U,2U,2D,8,Unknown,Unknown,,0,
2026-02-01 23:22:36 EST,AFRU,9.28,,2D,3,2D,2D,,2D,3,2D,2D,-7,Unknown,Unknown,,0,
2026-02-01 23:22:36 EST,AFSC,31.76,,2U,2U,2D,2D,,2U,2U,2D,2D,4,Unknown,Unknown,,0,
2026-02-01 23:22:36 EST,AFSM,34.32,3,2U,2U,1,2D,2U,2U,2U,1,2D,6,Unknown,Unknown,,0,
2026-02-01 23:22:36 EST,AGEM,42.06,,2U,2U,2U,1,,2U,2U,2U,1,9,Unknown,Unknown,,0,
2026-02-01 23:22:36 EST,AGG,100.12,1,2U,2U,2U,1,1,1,2U,2U,1,9,Unknown,Unknown,,0,
2026-02-01 23:22:36 EST,AGGA,25.37,,1,1,2U,2U,,1,1,2U,2U,3,Unknown,Unknown,,0,
2026-02-01 23:22:36 EST,AGGH,20.7,2D,2U,2D,2D,2U,1,2D,2D,2D,2U,-5,Unknown,Unknown,,0,
2026-02-01 23:22:36 EST,AGGS,41.32,2D,2U,1,2U,1,1,1,1,2U,1,1,Unknown,Unknown,,0,
2026-02-01 23:22:36 EST,AGGY,43.98,1,2U,2D,3,2U,1,2D,2D,3,2U,2,Unknown,Unknown,,0,
2026-02-01 23:22:36 EST,AGIQ,22.48,,2U,2U,3,2D,,1,2U,3,2D,6,Unknown,Unknown,,0,
2026-02-01 23:22:36 EST,AGIX,35.29,3,2U,3,2U,2D,1,1,3,2U,2D,5,Unknown,Unknown,,0,
2026-02-01 23:22:36 EST,AGMI,74.52,2U,2U,2U,3,2D,2U,2U,2U,3,2D,11,Unknown,Unknown,,0,
2026-02-01 23:22:36 EST,AGNG,36.9,3,2U,2U,3,2U,2U,2U,2U,3,2U,8,Unknown,Unknown,,0,
2026-02-01 23:22:36 EST,AGOX,29.68,3,2U,3,3,2D,1,2D,3,3,2D,3,Unknown,Unknown,,0,
2026-02-01 23:22:36 EST,AGQ,160.49,2U,2U,2U,3,2D,2U,2U,2U,3,2D,11,Unknown,Unknown,,0,
2026-02-01 23:22:36 EST,AGQI,17.44,3,2U,2U,2U,1,2U,2U,2U,2U,1,9,Unknown,Unknown,,0,
2026-02-01 23:22:36 EST,AGRH,26.34,3,2U,3,2U,2D,2U,2U,3,2U,2D,5,Unknown,Unknown,,0,
2026-02-01 23:22:36 EST,AGRW,29.84,,2U,2D,2U,2U,,1,2D,2U,2U,4,Unknown,Unknown,,0,
2026-02-01 23:22:36 EST,AGZ,110.33,2U,2U,1,2U,1,1,1,1,2U,1,11,Unknown,Unknown,,0,
2026-02-01 23:22:36 EST,AGZD,22.56,1,3,1,2D,1,1,1,1,2D,1,-2,Unknown,Unknown,,0,
2026-02-01 23:22:36 EST,AHLT,28.36,3,2U,2U,2U,2D,2U,2U,2U,2U,2D,8,Unknown,Unknown,,0,
2026-02-01 23:22:36 EST,AHYB,46.96,3,2U,2U,2U,2U,1,1,2U,2U,2U,10,Unknown,Unknown,,0,
2026-02-01 23:22:36 EST,AIA,109.36,2U,2U,2U,2U,2D,2U,2U,2U,2U,2D,13,Unknown,Unknown,,0,
